<?xml version="1.0" encoding="UTF-8"?>
<beans xmlns="http://www.springframework.org/schema/beans"
       xmlns:xsi="http://www.w3.org/2001/XMLSchema-instance"
       xmlns:osgi="http://www.springframework.org/schema/osgi"
       xmlns:wlevs="http://www.bea.com/ns/wlevs/spring"
       xmlns:jdbc="http://www.oracle.com/ns/ocep/jdbc"
       xmlns:hadoop="http://www.oracle.com/ns/oep/hadoop"
       xmlns:nosqldb="http://www.oracle.com/ns/oep/nosqldb"
       xsi:schemaLocation="
  http://www.springframework.org/schema/beans
  http://www.springframework.org/schema/beans/spring-beans.xsd
  http://www.springframework.org/schema/osgi
  http://www.springframework.org/schema/osgi/spring-osgi.xsd
  http://www.bea.com/ns/wlevs/spring
  http://www.bea.com/ns/wlevs/spring/ocep-epn.xsd
  http://www.oracle.com/ns/ocep/jdbc
  http://www.oracle.com/ns/ocep/jdbc/ocep-jdbc.xsd
  http://www.oracle.com/ns/oep/hadoop
  http://www.oracle.com/ns/oep/hadoop/oep-hadoop.xsd
  http://www.oracle.com/ns/oep/nosqldb
  http://www.oracle.com/ns/oep/nosqldb/oep-nosqldb.xsd">

  <wlevs:event-type-repository>
    <wlevs:event-type type-name="SalesData">
      <wlevs:class>com.oracle.oep.demo.launch.SalesData</wlevs:class>
    </wlevs:event-type>
  </wlevs:event-type-repository>
  
  <wlevs:adapter id="SalesAdapter" provider="csv-inbound">
    <wlevs:listener ref="InputChannel"/>
    <wlevs:instance-property name="eventType" value="SalesData"/>
    <wlevs:instance-property name="sourceUrl" value="file:////Users/Lloyd/Work/Demos/ProductLaunch/salesdata.csv"/>
  </wlevs:adapter>
  
  <wlevs:channel id="InputChannel" event-type="SalesData">
    <wlevs:listener ref="SalesProcessor"/>
  </wlevs:channel>
 
  <wlevs:processor id="SalesProcessor">
      <wlevs:listener ref="OutputChannel"/>
      <wlevs:listener ref="AlertChannel"/>
  </wlevs:processor>
  
  
  <wlevs:channel id="OutputChannel" event-type="SalesData">
    <wlevs:listener ref="OutputListener"/>
  </wlevs:channel>
  
  <wlevs:event-bean id="OutputListener" class="com.oracle.oep.listener.EventListener">
    <wlevs:instance-property name="nodeName" value="OutputChannel"/> 
  </wlevs:event-bean>
  
  <wlevs:channel id="AlertChannel" event-type="SalesData">
    <wlevs:listener ref="AlertListener"/>
  </wlevs:channel>

  <wlevs:event-bean id="AlertListener" class="com.oracle.oep.listener.EventListener">
    <wlevs:instance-property name="nodeName" value="AlertChannel"/>
  </wlevs:event-bean>

</beans>
