<?xml version="1.0" encoding="UTF-8"?>
<wlevs:config xmlns:wlevs="http://www.bea.com/ns/wlevs/config/application">
  <processor>
    <name>DispatchEventProcessor</name>
    <rules>
    
    <!--
      <view id="InputView"><![CDATA[ 
        SELECT *
        FROM DurationChannel 
        ]]>
       </view>
       -->
       
      <query id="MissingSLAQuery"><![CDATA[ 
      SELECT T.*
        FROM DurationChannel 
    MATCH_RECOGNIZE (
      PARTITION BY dispatchId
      MEASURES
        A.dispatchId as dispatchId,
        A.statusCode as statusCode,
        A.serviceClass as serviceClass,
        A.serviceTag as serviceTag,
        A.slaEnd as slaEnd
      ALL MATCHES
      INCLUDE TIMER EVENTS
      PATTERN (A B*)
      DURATION slaEnd SECONDS
      DEFINE
        B AS NOT(B.dispatchId <> A.dispatchId)
    ) AS T]]>
    </query>
      
        
    </rules>
  </processor>
</wlevs:config>
